{
  "accuracy": 0.9748322147651006,
  "report": {
    "0": {
      "precision": 0.9936305732484076,
      "recall": 0.9936305732484076,
      "f1-score": 0.9936305732484076,
      "support": 157.0
    },
    "1": {
      "precision": 0.9767195767195768,
      "recall": 0.9644723092998955,
      "f1-score": 0.9705573080967402,
      "support": 957.0
    },
    "2": {
      "precision": 0.9914529914529915,
      "recall": 0.9456521739130435,
      "f1-score": 0.9680111265646731,
      "support": 368.0
    },
    "3": {
      "precision": 1.0,
      "recall": 1.0,
      "f1-score": 1.0,
      "support": 86.0
    },
    "4": {
      "precision": 0.9638336347197106,
      "recall": 0.9925512104283054,
      "f1-score": 0.9779816513761468,
      "support": 1611.0
    },
    "5": {
      "precision": 1.0,
      "recall": 1.0,
      "f1-score": 1.0,
      "support": 56.0
    },
    "6": {
      "precision": 1.0,
      "recall": 1.0,
      "f1-score": 1.0,
      "support": 60.0
    },
    "7": {
      "precision": 0.9847328244274809,
      "recall": 0.9181494661921709,
      "f1-score": 0.9502762430939227,
      "support": 281.0
    },
    "accuracy": 0.9748322147651006,
    "macro avg": {
      "precision": 0.988796200071021,
      "recall": 0.9768069666352279,
      "f1-score": 0.9825571127974864,
      "support": 3576.0
    },
    "weighted avg": {
      "precision": 0.9751177978112169,
      "recall": 0.9748322147651006,
      "f1-score": 0.9747224561243694,
      "support": 3576.0
    }
  },
  "n_train": 14304,
  "n_test": 3576,
  "labels": [
    0,
    1,
    2,
    3,
    4,
    5,
    6,
    7
  ]
}